patient_id,replicate_id,mzML
5,1,PDAC_5_2_Nano_ESI_dMRM_MFC_5LPM_2500V_225C_5per_Sol_B_02per_TFA_C1_033121.mzML
5,2,PDAC_5_3_Nano_ESI_dMRM_MFC_5LPM_2500V_225C_5per_Sol_B_02per_TFA_C1_033121.mzML
5,3,PDAC_5_4_Nano_ESI_dMRM_MFC_5LPM_2500V_225C_5per_Sol_B_02per_TFA_C1_040121.mzML
7,1,PDAC_7_1_Nano_ESI_dMRM_MFC_5LPM_2500V_225C_5per_Sol_B_02per_TFA_C2_051021.mzML
7,2,PDAC_7_2_Nano_ESI_dMRM_MFC_5LPM_2500V_225C_5per_Sol_B_02per_TFA_C2_051021.mzML
7,3,PDAC_7_3_Nano_ESI_dMRM_MFC_5LPM_2500V_225C_5per_Sol_B_02per_TFA_C2_051021.mzML
10,1,PDAC_10_1_Nano_ESI_dMRM_MFC_5LPM_2500V_225C_5per_Sol_B_02per_TFA_C2_040321.mzML
10,2,PDAC_10_2_Nano_ESI_dMRM_MFC_5LPM_2500V_225C_5per_Sol_B_02per_TFA_C2_040321.mzML
10,3,PDAC_10_3_Nano_ESI_dMRM_MFC_5LPM_2500V_225C_5per_Sol_B_02per_TFA_C2_040321.mzML
12,1,PDAC_12_1_Nano_ESI_dMRM_MFC_5LPM_2500V_225C_5per_Sol_B_02per_TFA_C2_052221.mzML
12,2,PDAC_12_2_Nano_ESI_dMRM_MFC_5LPM_2500V_225C_5per_Sol_B_02per_TFA_C2_052221.mzML
12,3,PDAC_12_4_Nano_ESI_dMRM_MFC_5LPM_2500V_225C_5per_Sol_B_02per_TFA_C2_052421.mzML
13,1,PDAC_13_1_Nano_ESI_dMRM_MFC_5LPM_2500V_225C_5per_Sol_B_02per_TFA_C2_033021.mzML
13,2,PDAC_13_2_Nano_ESI_dMRM_MFC_5LPM_2500V_225C_5per_Sol_B_02per_TFA_C2_033021.mzML
13,3,PDAC_13_3_Nano_ESI_dMRM_MFC_5LPM_2500V_225C_5per_Sol_B_02per_TFA_C2_033021.mzML
15,1,PDAC_15_1_Nano_ESI_dMRM_MFC_5LPM_2500V_225C_5per_Sol_B_02per_TFA_C1_040321.mzML
15,2,PDAC_15_2_Nano_ESI_dMRM_MFC_5LPM_2500V_225C_5per_Sol_B_02per_TFA_C1_040321.mzML
15,3,PDAC_15_3_Nano_ESI_dMRM_MFC_5LPM_2500V_225C_5per_Sol_B_02per_TFA_C1_040321.mzML
16,1,PDAC_16_1_Nano_ESI_dMRM_MFC_5LPM_2500V_225C_5per_Sol_B_02per_TFA_C2_052821.mzML
16,2,PDAC_16_2_Nano_ESI_dMRM_MFC_5LPM_2500V_225C_5per_Sol_B_02per_TFA_C2_052821.mzML
16,3,PDAC_16_3_Nano_ESI_dMRM_MFC_5LPM_2500V_225C_5per_Sol_B_02per_TFA_C2_052821.mzML
18,1,PDAC_18_1_Nano_ESI_dMRM_MFC_5LPM_2500V_225C_5per_Sol_B_02per_TFA_C1_050621.mzML
18,2,PDAC_18_5_Nano_ESI_dMRM_MFC_5LPM_2500V_225C_5per_Sol_B_02per_TFA_C1_050621.mzML
18,3,PDAC_18_6_Nano_ESI_dMRM_MFC_5LPM_2500V_225C_5per_Sol_B_02per_TFA_C1_050621.mzML
19,1,PDAC_19_1_Nano_ESI_dMRM_MFC_5LPM_2500V_225C_5per_Sol_B_02per_TFA_C1_051521.mzML
19,2,PDAC_19_2_Nano_ESI_dMRM_MFC_5LPM_2500V_225C_5per_Sol_B_02per_TFA_C1_051521.mzML
19,3,PDAC_19_3_Nano_ESI_dMRM_MFC_5LPM_2500V_225C_5per_Sol_B_02per_TFA_C1_051521.mzML
20,1,PDAC_20_1_Nano_ESI_dMRM_MFC_5LPM_2500V_225C_5per_Sol_B_02per_TFA_C1_040221.mzML
20,2,PDAC_20_2_Nano_ESI_dMRM_MFC_5LPM_2500V_225C_5per_Sol_B_02per_TFA_C1_040221.mzML
20,3,PDAC_20_3_Nano_ESI_dMRM_MFC_5LPM_2500V_225C_5per_Sol_B_02per_TFA_C1_040221.mzML
21,1,PDAC_21_1_Nano_ESI_dMRM_MFC_5LPM_2500V_225C_5per_Sol_B_02per_TFA_C1_040121.mzML
21,2,PDAC_21_2_Nano_ESI_dMRM_MFC_5LPM_2500V_225C_5per_Sol_B_02per_TFA_C1_040121.mzML
21,3,PDAC_21_3_Nano_ESI_dMRM_MFC_5LPM_2500V_225C_5per_Sol_B_02per_TFA_C1_040121.mzML
23,1,PDAC_23_1_Nano_ESI_dMRM_MFC_5LPM_2500V_225C_5per_Sol_B_02per_TFA_C2_041921.mzML
23,2,PDAC_23_2_Nano_ESI_dMRM_MFC_5LPM_2500V_225C_5per_Sol_B_02per_TFA_C2_041921.mzML
23,3,PDAC_23_3_Nano_ESI_dMRM_MFC_5LPM_2500V_225C_5per_Sol_B_02per_TFA_C2_041921.mzML
24,1,PDAC_24_1_Nano_ESI_dMRM_MFC_5LPM_2500V_225C_5per_Sol_B_02per_TFA_C1_050421.mzML
24,2,PDAC_24_2_Nano_ESI_dMRM_MFC_5LPM_2500V_225C_5per_Sol_B_02per_TFA_C1_050421.mzML
24,3,PDAC_24_3_Nano_ESI_dMRM_MFC_5LPM_2500V_225C_5per_Sol_B_02per_TFA_C1_050421.mzML
25,1,PDAC_25_1_Nano_ESI_dMRM_MFC_5LPM_2500V_225C_5per_Sol_B_02per_TFA_C1_033121.mzML
25,2,PDAC_25_2_Nano_ESI_dMRM_MFC_5LPM_2500V_225C_5per_Sol_B_02per_TFA_C1_033121.mzML
25,3,PDAC_25_3_Nano_ESI_dMRM_MFC_5LPM_2500V_225C_5per_Sol_B_02per_TFA_C1_033121.mzML
29,1,PDAC_29_1_Nano_ESI_dMRM_MFC_5LPM_2500V_225C_5per_Sol_B_02per_TFA_C2_032321.mzML
29,2,PDAC_29_2_Nano_ESI_dMRM_MFC_5LPM_2500V_225C_5per_Sol_B_02per_TFA_C1_032321.mzML
29,3,PDAC_29_3_Nano_ESI_dMRM_MFC_5LPM_2500V_225C_5per_Sol_B_02per_TFA_C2_032321.mzML
30,1,PDAC_30_1_Nano_ESI_dMRM_MFC_5LPM_2500V_225C_5per_Sol_B_02per_TFA_C2_041021.mzML
30,2,PDAC_30_2_Nano_ESI_dMRM_MFC_5LPM_2500V_225C_5per_Sol_B_02per_TFA_C2_041021.mzML
30,3,PDAC_30_3_Nano_ESI_dMRM_MFC_5LPM_2500V_225C_5per_Sol_B_02per_TFA_C2_041021.mzML
37,1,PDAC_37_1_Nano_ESI_dMRM_MFC_5LPM_2500V_225C_5per_Sol_B_02per_TFA_C2_040221.mzML
37,2,PDAC_37_2_Nano_ESI_dMRM_MFC_5LPM_2500V_225C_5per_Sol_B_02per_TFA_C2_040221.mzML
37,3,PDAC_37_3_Nano_ESI_dMRM_MFC_5LPM_2500V_225C_5per_Sol_B_02per_TFA_C2_040221.mzML
41,1,PDAC_41_1_Nano_ESI_dMRM_MFC_5LPM_2500V_225C_5per_Sol_B_02per_TFA_C2_032921.mzML
41,2,PDAC_41_2_Nano_ESI_dMRM_MFC_5LPM_2500V_225C_5per_Sol_B_02per_TFA_C2_032921.mzML
41,3,PDAC_41_3_Nano_ESI_dMRM_MFC_5LPM_2500V_225C_5per_Sol_B_02per_TFA_C2_032921.mzML
42,1,PDAC_42_1_Nano_ESI_dMRM_MFC_5LPM_2500V_225C_5per_Sol_B_02per_TFA_C2_041021.mzML
42,2,PDAC_42_2_Nano_ESI_dMRM_MFC_5LPM_2500V_225C_5per_Sol_B_02per_TFA_C2_041021.mzML
42,3,PDAC_42_3_Nano_ESI_dMRM_MFC_5LPM_2500V_225C_5per_Sol_B_02per_TFA_C2_041021.mzML
43,1,PDAC_43_1_Nano_ESI_dMRM_MFC_5LPM_2500V_225C_5per_Sol_B_02per_TFA_C2_040521.mzML
43,2,PDAC_43_2_Nano_ESI_dMRM_MFC_5LPM_2500V_225C_5per_Sol_B_02per_TFA_C2_040521.mzML
43,3,PDAC_43_3_Nano_ESI_dMRM_MFC_5LPM_2500V_225C_5per_Sol_B_02per_TFA_C2_040521.mzML
44,1,PDAC_44_1_Nano_ESI_dMRM_MFC_5LPM_2500V_225C_5per_Sol_B_02per_TFA_C2_041621.mzML
44,2,PDAC_44_2_Nano_ESI_dMRM_MFC_5LPM_2500V_225C_5per_Sol_B_02per_TFA_C2_041621.mzML
44,3,PDAC_44_3_Nano_ESI_dMRM_MFC_5LPM_2500V_225C_5per_Sol_B_02per_TFA_C2_041621.mzML
45,1,PDAC_45_1_Nano_ESI_dMRM_MFC_5LPM_2500V_225C_5per_Sol_B_02per_TFA_C1_042021.mzML
45,2,PDAC_45_2_Nano_ESI_dMRM_MFC_5LPM_2500V_225C_5per_Sol_B_02per_TFA_C1_042021.mzML
45,3,PDAC_45_3_Nano_ESI_dMRM_MFC_5LPM_2500V_225C_5per_Sol_B_02per_TFA_C1_042021.mzML
47,1,PDAC_47_1_Nano_ESI_dMRM_MFC_5LPM_2500V_225C_5per_Sol_B_02per_TFA_C2_052821.mzML
47,2,PDAC_47_2_Nano_ESI_dMRM_MFC_5LPM_2500V_225C_5per_Sol_B_02per_TFA_C2_052821.mzML
47,3,PDAC_47_3_Nano_ESI_dMRM_MFC_5LPM_2500V_225C_5per_Sol_B_02per_TFA_C2_052821.mzML
48,1,PDAC_48_1_Nano_ESI_dMRM_MFC_5LPM_2500V_225C_5per_Sol_B_02per_TFA_C2_040321.mzML
48,2,PDAC_48_2_Nano_ESI_dMRM_MFC_5LPM_2500V_225C_5per_Sol_B_02per_TFA_C2_040321.mzML
48,3,PDAC_48_3_Nano_ESI_dMRM_MFC_5LPM_2500V_225C_5per_Sol_B_02per_TFA_C2_040321.mzML
49,1,PDAC_49_2_Nano_ESI_dMRM_MFC_5LPM_2500V_225C_5per_Sol_B_02per_TFA_C2_052921.mzML
49,2,PDAC_49_3_Nano_ESI_dMRM_MFC_5LPM_2500V_225C_5per_Sol_B_02per_TFA_C2_052921.mzML
49,3,PDAC_49_4_Nano_ESI_dMRM_MFC_5LPM_2500V_225C_5per_Sol_B_02per_TFA_C2_052921.mzML
50,1,PDAC_50_1_Nano_ESI_dMRM_MFC_5LPM_2500V_225C_5per_Sol_B_02per_TFA_C2_052821.mzML
50,2,PDAC_50_2_Nano_ESI_dMRM_MFC_5LPM_2500V_225C_5per_Sol_B_02per_TFA_C2_052821.mzML
50,3,PDAC_50_3_Nano_ESI_dMRM_MFC_5LPM_2500V_225C_5per_Sol_B_02per_TFA_C2_052821.mzML
55,1,PDAC_55_1_Nano_ESI_dMRM_MFC_5LPM_2500V_225C_5per_Sol_B_02per_TFA_C1_051621.mzML
55,2,PDAC_55_2_Nano_ESI_dMRM_MFC_5LPM_2500V_225C_5per_Sol_B_02per_TFA_C1_051621.mzML
55,3,PDAC_55_3_Nano_ESI_dMRM_MFC_5LPM_2500V_225C_5per_Sol_B_02per_TFA_C1_051621.mzML
56,1,PDAC_56_1_Nano_ESI_dMRM_MFC_5LPM_2500V_225C_5per_Sol_B_02per_TFA_C1_051621.mzML
56,2,PDAC_56_2_Nano_ESI_dMRM_MFC_5LPM_2500V_225C_5per_Sol_B_02per_TFA_C1_051621.mzML
56,3,PDAC_56_3_Nano_ESI_dMRM_MFC_5LPM_2500V_225C_5per_Sol_B_02per_TFA_C1_051621.mzML
57,1,PDAC_57_1_Nano_ESI_dMRM_MFC_5LPM_2500V_225C_5per_Sol_B_02per_TFA_C1_040121.mzML
57,2,PDAC_57_2_Nano_ESI_dMRM_MFC_5LPM_2500V_225C_5per_Sol_B_02per_TFA_C1_040121.mzML
57,3,PDAC_57_3_Nano_ESI_dMRM_MFC_5LPM_2500V_225C_5per_Sol_B_02per_TFA_C1_040121.mzML
58,1,PDAC_58_1_Nano_ESI_dMRM_MFC_5LPM_2500V_225C_5per_Sol_B_02per_TFA_C1_052021.mzML
58,2,PDAC_58_2_Nano_ESI_dMRM_MFC_5LPM_2500V_225C_5per_Sol_B_02per_TFA_C1_052021.mzML
58,3,PDAC_58_3_Nano_ESI_dMRM_MFC_5LPM_2500V_225C_5per_Sol_B_02per_TFA_C1_052021.mzML
61,1,PDAC_61_1_Nano_ESI_dMRM_MFC_5LPM_2500V_225C_5per_Sol_B_02per_TFA_C1_042621.mzML
61,2,PDAC_61_2_Nano_ESI_dMRM_MFC_5LPM_2500V_225C_5per_Sol_B_02per_TFA_C1_042621.mzML
61,3,PDAC_61_3_Nano_ESI_dMRM_MFC_5LPM_2500V_225C_5per_Sol_B_02per_TFA_C1_042621.mzML
63,1,PDAC_63_1_Nano_ESI_dMRM_MFC_5LPM_2500V_225C_5per_Sol_B_02per_TFA_C1_042921.mzML
63,2,PDAC_63_2_Nano_ESI_dMRM_MFC_5LPM_2500V_225C_5per_Sol_B_02per_TFA_C1_042921.mzML
63,3,PDAC_63_3_Nano_ESI_dMRM_MFC_5LPM_2500V_225C_5per_Sol_B_02per_TFA_C1_042921.mzML
64,1,PDAC_64_1_Nano_ESI_dMRM_MFC_5LPM_2500V_225C_5per_Sol_B_02per_TFA_C1_040421.mzML
64,2,PDAC_64_2_Nano_ESI_dMRM_MFC_5LPM_2500V_225C_5per_Sol_B_02per_TFA_C1_040421.mzML
64,3,PDAC_64_3_Nano_ESI_dMRM_MFC_5LPM_2500V_225C_5per_Sol_B_02per_TFA_C1_040421.mzML
67,1,PDAC_67_1_Nano_ESI_dMRM_MFC_5LPM_2500V_225C_5per_Sol_B_02per_TFA_C1_050221.mzML
67,2,PDAC_67_2_Nano_ESI_dMRM_MFC_5LPM_2500V_225C_5per_Sol_B_02per_TFA_C1_050221.mzML
67,3,PDAC_67_3_Nano_ESI_dMRM_MFC_5LPM_2500V_225C_5per_Sol_B_02per_TFA_C1_050221.mzML
73,1,PDAC_73_1_Nano_ESI_dMRM_MFC_5LPM_2500V_225C_5per_Sol_B_02per_TFA_C2_032821.mzML
73,2,PDAC_73_2_Nano_ESI_dMRM_MFC_5LPM_2500V_225C_5per_Sol_B_02per_TFA_C2_032821.mzML
73,3,PDAC_73_3_Nano_ESI_dMRM_MFC_5LPM_2500V_225C_5per_Sol_B_02per_TFA_C2_032821.mzML
74,1,PDAC_74_1_Nano_ESI_dMRM_MFC_5LPM_2500V_225C_5per_Sol_B_02per_TFA_C2_041121.mzML
74,2,PDAC_74_2_Nano_ESI_dMRM_MFC_5LPM_2500V_225C_5per_Sol_B_02per_TFA_C2_041121.mzML
74,3,PDAC_74_3_Nano_ESI_dMRM_MFC_5LPM_2500V_225C_5per_Sol_B_02per_TFA_C2_041121.mzML
75,1,PDAC_75_1_Nano_ESI_dMRM_MFC_5LPM_2500V_225C_5per_Sol_B_02per_TFA_C2_040821.mzML
75,2,PDAC_75_2_Nano_ESI_dMRM_MFC_5LPM_2500V_225C_5per_Sol_B_02per_TFA_C2_040821.mzML
75,3,PDAC_75_3_Nano_ESI_dMRM_MFC_5LPM_2500V_225C_5per_Sol_B_02per_TFA_C2_040821.mzML
76,1,PDAC_76_1_Nano_ESI_dMRM_MFC_5LPM_2500V_225C_5per_Sol_B_02per_TFA_C1_032421.mzML
76,2,PDAC_76_2_Nano_ESI_dMRM_MFC_5LPM_2500V_225C_5per_Sol_B_02per_TFA_C2_032421.mzML
76,3,PDAC_76_3_Nano_ESI_dMRM_MFC_5LPM_2500V_225C_5per_Sol_B_02per_TFA_C1_032421.mzML
78,1,PDAC_78_1_Nano_ESI_dMRM_MFC_5LPM_2500V_225C_5per_Sol_B_02per_TFA_C2_052721.mzML
78,2,PDAC_78_2_Nano_ESI_dMRM_MFC_5LPM_2500V_225C_5per_Sol_B_02per_TFA_C2_052721.mzML
78,3,PDAC_78_3_Nano_ESI_dMRM_MFC_5LPM_2500V_225C_5per_Sol_B_02per_TFA_C2_052721.mzML
80,1,PDAC_80_1_Nano_ESI_dMRM_MFC_5LPM_2500V_225C_5per_Sol_B_02per_TFA_C2_052921.mzML
80,2,PDAC_80_2_Nano_ESI_dMRM_MFC_5LPM_2500V_225C_5per_Sol_B_02per_TFA_C2_052921.mzML
80,3,PDAC_80_3_Nano_ESI_dMRM_MFC_5LPM_2500V_225C_5per_Sol_B_02per_TFA_C2_052921.mzML
82,1,PDAC_82_1_Nano_ESI_dMRM_MFC_5LPM_2500V_225C_5per_Sol_B_02per_TFA_C1_051821.mzML
82,2,PDAC_82_3_Nano_ESI_dMRM_MFC_5LPM_2500V_225C_5per_Sol_B_02per_TFA_C1_051821.mzML
82,3,PDAC_82_4_Nano_ESI_dMRM_MFC_5LPM_2500V_225C_5per_Sol_B_02per_TFA_C1_051821.mzML
93,1,PDAC_93_1_Nano_ESI_dMRM_MFC_5LPM_2500V_225C_5per_Sol_B_02per_TFA_C2_041421.mzML
93,2,PDAC_93_2_Nano_ESI_dMRM_MFC_5LPM_2500V_225C_5per_Sol_B_02per_TFA_C2_041421.mzML
93,3,PDAC_93_3_Nano_ESI_dMRM_MFC_5LPM_2500V_225C_5per_Sol_B_02per_TFA_C2_041421.mzML
96,1,PDAC_96_1_Nano_ESI_dMRM_MFC_5LPM_2500V_225C_5per_Sol_B_02per_TFA_C2_052521.mzML
96,2,PDAC_96_4_Nano_ESI_dMRM_MFC_5LPM_2500V_225C_5per_Sol_B_02per_TFA_C2_052521.mzML
96,3,PDAC_96_5_Nano_ESI_dMRM_MFC_5LPM_2500V_225C_5per_Sol_B_02per_TFA_C2_052621.mzML
97,1,PDAC_97_1_Nano_ESI_dMRM_MFC_5LPM_2500V_225C_5per_Sol_B_02per_TFA_C2_052621.mzML
97,2,PDAC_97_2_Nano_ESI_dMRM_MFC_5LPM_2500V_225C_5per_Sol_B_02per_TFA_C2_052621.mzML
97,3,PDAC_97_3_Nano_ESI_dMRM_MFC_5LPM_2500V_225C_5per_Sol_B_02per_TFA_C2_052621.mzML
98,1,PDAC_98_1_Nano_ESI_dMRM_MFC_5LPM_2500V_225C_5per_Sol_B_02per_TFA_C1_042021.mzML
98,2,PDAC_98_2_Nano_ESI_dMRM_MFC_5LPM_2500V_225C_5per_Sol_B_02per_TFA_C1_042021.mzML
98,3,PDAC_98_3_Nano_ESI_dMRM_MFC_5LPM_2500V_225C_5per_Sol_B_02per_TFA_C1_042021.mzML
101,1,PDAC_101_1_Nano_ESI_dMRM_MFC_5LPM_2500V_225C_5per_Sol_B_02per_TFA_C1_042621.mzML
101,2,PDAC_101_2_Nano_ESI_dMRM_MFC_5LPM_2500V_225C_5per_Sol_B_02per_TFA_C1_042621.mzML
101,3,PDAC_101_3_Nano_ESI_dMRM_MFC_5LPM_2500V_225C_5per_Sol_B_02per_TFA_C1_042621.mzML
102,1,PDAC_102_1_Nano_ESI_dMRM_MFC_5LPM_2500V_225C_5per_Sol_B_02per_TFA_C1_032921.mzML
102,2,PDAC_102_2_Nano_ESI_dMRM_MFC_5LPM_2500V_225C_5per_Sol_B_02per_TFA_C1_032921.mzML
102,3,PDAC_102_3_Nano_ESI_dMRM_MFC_5LPM_2500V_225C_5per_Sol_B_02per_TFA_C1_032921.mzML
106,1,PDAC_106_1_Nano_ESI_dMRM_MFC_5LPM_2500V_225C_5per_Sol_B_02per_TFA_C1_042821.mzML
106,2,PDAC_106_2_Nano_ESI_dMRM_MFC_5LPM_2500V_225C_5per_Sol_B_02per_TFA_C1_042821.mzML
106,3,PDAC_106_3_Nano_ESI_dMRM_MFC_5LPM_2500V_225C_5per_Sol_B_02per_TFA_C1_042821.mzML
112,1,PDAC_112_3_Nano_ESI_dMRM_MFC_5LPM_2500V_225C_5per_Sol_B_02per_TFA_C2_051121.mzML
112,2,PDAC_112_4_Nano_ESI_dMRM_MFC_5LPM_2500V_225C_5per_Sol_B_02per_TFA_C2_051121.mzML
112,3,PDAC_112_6_Nano_ESI_dMRM_MFC_5LPM_2500V_225C_5per_Sol_B_02per_TFA_C1_051321.mzML
113,1,PDAC_113_1_Nano_ESI_dMRM_MFC_5LPM_2500V_225C_5per_Sol_B_02per_TFA_C2_040421.mzML
113,2,PDAC_113_2_Nano_ESI_dMRM_MFC_5LPM_2500V_225C_5per_Sol_B_02per_TFA_C2_040421.mzML
113,3,PDAC_113_3_Nano_ESI_dMRM_MFC_5LPM_2500V_225C_5per_Sol_B_02per_TFA_C2_040421.mzML
116,1,PDAC_116_1_Nano_ESI_dMRM_MFC_5LPM_2500V_225C_5per_Sol_B_02per_TFA_C1_051621.mzML
116,2,PDAC_116_2_Nano_ESI_dMRM_MFC_5LPM_2500V_225C_5per_Sol_B_02per_TFA_C1_051621.mzML
116,3,PDAC_116_3_Nano_ESI_dMRM_MFC_5LPM_2500V_225C_5per_Sol_B_02per_TFA_C1_051621.mzML
124,1,PDAC_124_1_Nano_ESI_dMRM_MFC_5LPM_2500V_225C_5per_Sol_B_02per_TFA_C2_051821.mzML
124,2,PDAC_124_2_Nano_ESI_dMRM_MFC_5LPM_2500V_225C_5per_Sol_B_02per_TFA_C2_051821.mzML
124,3,PDAC_124_3_Nano_ESI_dMRM_MFC_5LPM_2500V_225C_5per_Sol_B_02per_TFA_C2_051821.mzML
129,1,PDAC_129_1_Nano_ESI_dMRM_MFC_5LPM_2500V_225C_5per_Sol_B_02per_TFA_C1_050121.mzML
129,2,PDAC_129_2_Nano_ESI_dMRM_MFC_5LPM_2500V_225C_5per_Sol_B_02per_TFA_C1_050121.mzML
129,3,PDAC_129_3_Nano_ESI_dMRM_MFC_5LPM_2500V_225C_5per_Sol_B_02per_TFA_C1_050121.mzML
130,1,PDAC_130_1_Nano_ESI_dMRM_MFC_5LPM_2500V_225C_5per_Sol_B_02per_TFA_C1_042221.mzML
130,2,PDAC_130_2_Nano_ESI_dMRM_MFC_5LPM_2500V_225C_5per_Sol_B_02per_TFA_C1_042221.mzML
130,3,PDAC_130_3_Nano_ESI_dMRM_MFC_5LPM_2500V_225C_5per_Sol_B_02per_TFA_C1_042221.mzML
132,1,PDAC_132_1_Nano_ESI_dMRM_MFC_5LPM_2500V_225C_5per_Sol_B_02per_TFA_C1_042621.mzML
132,2,PDAC_132_2_Nano_ESI_dMRM_MFC_5LPM_2500V_225C_5per_Sol_B_02per_TFA_C1_042621.mzML
132,3,PDAC_132_3_Nano_ESI_dMRM_MFC_5LPM_2500V_225C_5per_Sol_B_02per_TFA_C1_042621.mzML
134,1,PDAC_134_1_Nano_ESI_dMRM_MFC_5LPM_2500V_225C_5per_Sol_B_02per_TFA_C1_040421.mzML
134,2,PDAC_134_2_Nano_ESI_dMRM_MFC_5LPM_2500V_225C_5per_Sol_B_02per_TFA_C1_040421.mzML
134,3,PDAC_134_3_Nano_ESI_dMRM_MFC_5LPM_2500V_225C_5per_Sol_B_02per_TFA_C1_040421.mzML
136,1,PDAC_136_1_Nano_ESI_dMRM_MFC_5LPM_2500V_225C_5per_Sol_B_02per_TFA_C1_042721.mzML
136,2,PDAC_136_2_Nano_ESI_dMRM_MFC_5LPM_2500V_225C_5per_Sol_B_02per_TFA_C1_042721.mzML
136,3,PDAC_136_3_Nano_ESI_dMRM_MFC_5LPM_2500V_225C_5per_Sol_B_02per_TFA_C1_042721.mzML
137,1,PDAC_137_2_Nano_ESI_dMRM_MFC_5LPM_2500V_225C_5per_Sol_B_02per_TFA_C1_051521.mzML
137,2,PDAC_137_3_Nano_ESI_dMRM_MFC_5LPM_2500V_225C_5per_Sol_B_02per_TFA_C1_051521.mzML
137,3,PDAC_137_4_Nano_ESI_dMRM_MFC_5LPM_2500V_225C_5per_Sol_B_02per_TFA_C1_051521.mzML
138,1,PDAC_138_1_Nano_ESI_dMRM_MFC_5LPM_2500V_225C_5per_Sol_B_02per_TFA_C1_040421.mzML
138,2,PDAC_138_2_Nano_ESI_dMRM_MFC_5LPM_2500V_225C_5per_Sol_B_02per_TFA_C1_040421.mzML
138,3,PDAC_138_3_Nano_ESI_dMRM_MFC_5LPM_2500V_225C_5per_Sol_B_02per_TFA_C1_040421.mzML
139,1,PDAC_139_1_Nano_ESI_dMRM_MFC_5LPM_2500V_225C_5per_Sol_B_02per_TFA_C2_052321.mzML
139,2,PDAC_139_2_Nano_ESI_dMRM_MFC_5LPM_2500V_225C_5per_Sol_B_02per_TFA_C2_052321.mzML
139,3,PDAC_139_3_Nano_ESI_dMRM_MFC_5LPM_2500V_225C_5per_Sol_B_02per_TFA_C2_052321.mzML
144,1,PDAC_144_1_Nano_ESI_dMRM_MFC_5LPM_2500V_225C_5per_Sol_B_02per_TFA_C2_052621.mzML
144,2,PDAC_144_2_Nano_ESI_dMRM_MFC_5LPM_2500V_225C_5per_Sol_B_02per_TFA_C2_052621.mzML
144,3,PDAC_144_3_Nano_ESI_dMRM_MFC_5LPM_2500V_225C_5per_Sol_B_02per_TFA_C2_052621.mzML
151,1,PDAC_151_1_Nano_ESI_dMRM_MFC_5LPM_2500V_225C_5per_Sol_B_02per_TFA_C2_052721.mzML
151,2,PDAC_151_2_Nano_ESI_dMRM_MFC_5LPM_2500V_225C_5per_Sol_B_02per_TFA_C2_052721.mzML
151,3,PDAC_151_3_Nano_ESI_dMRM_MFC_5LPM_2500V_225C_5per_Sol_B_02per_TFA_C2_052721.mzML
152,1,PDAC_152_1_Nano_ESI_dMRM_MFC_5LPM_2500V_225C_5per_Sol_B_02per_TFA_C1_042021.mzML
152,2,PDAC_152_2_Nano_ESI_dMRM_MFC_5LPM_2500V_225C_5per_Sol_B_02per_TFA_C1_042021.mzML
152,3,PDAC_152_3_Nano_ESI_dMRM_MFC_5LPM_2500V_225C_5per_Sol_B_02per_TFA_C1_042021.mzML
154,1,PDAC_154_1_Nano_ESI_dMRM_MFC_5LPM_2500V_225C_5per_Sol_B_02per_TFA_C2_042021.mzML
154,2,PDAC_154_2_Nano_ESI_dMRM_MFC_5LPM_2500V_225C_5per_Sol_B_02per_TFA_C2_042021.mzML
154,3,PDAC_154_3_Nano_ESI_dMRM_MFC_5LPM_2500V_225C_5per_Sol_B_02per_TFA_C2_042021.mzML
156,1,PDAC_156_1_Nano_ESI_dMRM_MFC_5LPM_2500V_225C_5per_Sol_B_02per_TFA_C2_040121.mzML
156,2,PDAC_156_2_Nano_ESI_dMRM_MFC_5LPM_2500V_225C_5per_Sol_B_02per_TFA_C2_040121.mzML
156,3,PDAC_156_3_Nano_ESI_dMRM_MFC_5LPM_2500V_225C_5per_Sol_B_02per_TFA_C2_040121.mzML
158,1,PDAC_158_1_Nano_ESI_dMRM_MFC_5LPM_2500V_225C_5per_Sol_B_02per_TFA_C2_040121.mzML
158,2,PDAC_158_2_Nano_ESI_dMRM_MFC_5LPM_2500V_225C_5per_Sol_B_02per_TFA_C2_040121.mzML
158,3,PDAC_158_3_Nano_ESI_dMRM_MFC_5LPM_2500V_225C_5per_Sol_B_02per_TFA_C2_040121.mzML
159,1,PDAC_159_1_Nano_ESI_dMRM_MFC_5LPM_2500V_225C_5per_Sol_B_02per_TFA_C2_033021.mzML
159,2,PDAC_159_2_Nano_ESI_dMRM_MFC_5LPM_2500V_225C_5per_Sol_B_02per_TFA_C2_033021.mzML
159,3,PDAC_159_3_Nano_ESI_dMRM_MFC_5LPM_2500V_225C_5per_Sol_B_02per_TFA_C2_033021.mzML
160,1,PDAC_160_1_Nano_ESI_dMRM_MFC_5LPM_2500V_225C_5per_Sol_B_02per_TFA_C1_040121.mzML
160,2,PDAC_160_2_Nano_ESI_dMRM_MFC_5LPM_2500V_225C_5per_Sol_B_02per_TFA_C1_040121.mzML
160,3,PDAC_160_3_Nano_ESI_dMRM_MFC_5LPM_2500V_225C_5per_Sol_B_02per_TFA_C1_040121.mzML
169,1,PDAC_169_1_Nano_ESI_dMRM_MFC_5LPM_2500V_225C_5per_Sol_B_02per_TFA_C2_050821.mzML
169,2,PDAC_169_2_Nano_ESI_dMRM_MFC_5LPM_2500V_225C_5per_Sol_B_02per_TFA_C2_050821.mzML
169,3,PDAC_169_3_Nano_ESI_dMRM_MFC_5LPM_2500V_225C_5per_Sol_B_02per_TFA_C2_050821.mzML
170,1,PDAC_170_2_Nano_ESI_dMRM_MFC_5LPM_2500V_225C_5per_Sol_B_02per_TFA_C2_052421.mzML
170,2,PDAC_170_3_Nano_ESI_dMRM_MFC_5LPM_2500V_225C_5per_Sol_B_02per_TFA_C2_052421.mzML
170,3,PDAC_170_4_Nano_ESI_dMRM_MFC_5LPM_2500V_225C_5per_Sol_B_02per_TFA_C2_052421.mzML
173,1,PDAC_173_1_Nano_ESI_dMRM_MFC_5LPM_2500V_225C_5per_Sol_B_02per_TFA_C1_042221.mzML
173,2,PDAC_173_2_Nano_ESI_dMRM_MFC_5LPM_2500V_225C_5per_Sol_B_02per_TFA_C1_042221.mzML
173,3,PDAC_173_3_Nano_ESI_dMRM_MFC_5LPM_2500V_225C_5per_Sol_B_02per_TFA_C1_042221.mzML
178,1,PDAC_178_1_Nano_ESI_dMRM_MFC_5LPM_2500V_225C_5per_Sol_B_02per_TFA_C1_042121.mzML
178,2,PDAC_178_2_Nano_ESI_dMRM_MFC_5LPM_2500V_225C_5per_Sol_B_02per_TFA_C1_042121.mzML
178,3,PDAC_178_3_Nano_ESI_dMRM_MFC_5LPM_2500V_225C_5per_Sol_B_02per_TFA_C1_042121.mzML
179,1,PDAC_179_2_Nano_ESI_dMRM_MFC_5LPM_2500V_225C_5per_Sol_B_02per_TFA_C2_052921.mzML
179,2,PDAC_179_4_Nano_ESI_dMRM_MFC_5LPM_2500V_225C_5per_Sol_B_02per_TFA_C2_052921.mzML
179,3,PDAC_179_5_Nano_ESI_dMRM_MFC_5LPM_2500V_225C_5per_Sol_B_02per_TFA_C2_052921.mzML
180,1,PDAC_180_1_Nano_ESI_dMRM_MFC_5LPM_2500V_225C_5per_Sol_B_02per_TFA_C1_043021.mzML
180,2,PDAC_180_2_Nano_ESI_dMRM_MFC_5LPM_2500V_225C_5per_Sol_B_02per_TFA_C1_043021.mzML
180,3,PDAC_180_3_Nano_ESI_dMRM_MFC_5LPM_2500V_225C_5per_Sol_B_02per_TFA_C1_043021.mzML
183,1,PDAC_183_1_Nano_ESI_dMRM_MFC_5LPM_2500V_225C_5per_Sol_B_02per_TFA_C2_040121.mzML
183,2,PDAC_183_2_Nano_ESI_dMRM_MFC_5LPM_2500V_225C_5per_Sol_B_02per_TFA_C2_040121.mzML
183,3,PDAC_183_3_Nano_ESI_dMRM_MFC_5LPM_2500V_225C_5per_Sol_B_02per_TFA_C2_040121.mzML
185,1,PDAC_185_1_Nano_ESI_dMRM_MFC_5LPM_2500V_225C_5per_Sol_B_02per_TFA_C2_040221.mzML
185,2,PDAC_185_2_Nano_ESI_dMRM_MFC_5LPM_2500V_225C_5per_Sol_B_02per_TFA_C2_040221.mzML
185,3,PDAC_185_3_Nano_ESI_dMRM_MFC_5LPM_2500V_225C_5per_Sol_B_02per_TFA_C2_040221.mzML
186,1,PDAC_186_1_Nano_ESI_dMRM_MFC_5LPM_2500V_225C_5per_Sol_B_02per_TFA_C1_051821.mzML
186,2,PDAC_186_2_Nano_ESI_dMRM_MFC_5LPM_2500V_225C_5per_Sol_B_02per_TFA_C1_051821.mzML
186,3,PDAC_186_3_Nano_ESI_dMRM_MFC_5LPM_2500V_225C_5per_Sol_B_02per_TFA_C1_051821.mzML
189,1,PDAC_189_1_Nano_ESI_dMRM_MFC_5LPM_2500V_225C_5per_Sol_B_02per_TFA_C1_040521.mzML
189,2,PDAC_189_2_Nano_ESI_dMRM_MFC_5LPM_2500V_225C_5per_Sol_B_02per_TFA_C1_040521.mzML
189,3,PDAC_189_3_Nano_ESI_dMRM_MFC_5LPM_2500V_225C_5per_Sol_B_02per_TFA_C1_040521.mzML
192,1,PDAC_192_1_Nano_ESI_dMRM_MFC_5LPM_2500V_225C_5per_Sol_B_02per_TFA_C2_050621.mzML
192,2,PDAC_192_3_Nano_ESI_dMRM_MFC_5LPM_2500V_225C_5per_Sol_B_02per_TFA_C2_050621.mzML
192,3,PDAC_192_4_Nano_ESI_dMRM_MFC_5LPM_2500V_225C_5per_Sol_B_02per_TFA_C2_050621.mzML
193,1,PDAC_193_1_Nano_ESI_dMRM_MFC_5LPM_2500V_225C_5per_Sol_B_02per_TFA_C1_033121.mzML
193,2,PDAC_193_2_Nano_ESI_dMRM_MFC_5LPM_2500V_225C_5per_Sol_B_02per_TFA_C1_031121.mzML
193,3,PDAC_193_3_Nano_ESI_dMRM_MFC_5LPM_2500V_225C_5per_Sol_B_02per_TFA_C1_031121.mzML
195,1,PDAC_195_2_Nano_ESI_dMRM_MFC_5LPM_2500V_225C_5per_Sol_B_02per_TFA_C2_033121.mzML
195,2,PDAC_195_3_Nano_ESI_dMRM_MFC_5LPM_2500V_225C_5per_Sol_B_02per_TFA_C2_033121.mzML
195,3,PDAC_195_4_Nano_ESI_dMRM_MFC_5LPM_2500V_225C_5per_Sol_B_02per_TFA_C2_040121.mzML
196,1,PDAC_196_1_Nano_ESI_dMRM_MFC_5LPM_2500V_225C_5per_Sol_B_02per_TFA_C1_051821.mzML
196,2,PDAC_196_2_Nano_ESI_dMRM_MFC_5LPM_2500V_225C_5per_Sol_B_02per_TFA_C1_051821.mzML
196,3,PDAC_196_5_Nano_ESI_dMRM_MFC_5LPM_2500V_225C_5per_Sol_B_02per_TFA_C2_052421.mzML
198,1,PDAC_198_1_Nano_ESI_dMRM_MFC_5LPM_2500V_225C_5per_Sol_B_02per_TFA_C2_041321.mzML
198,2,PDAC_198_2_Nano_ESI_dMRM_MFC_5LPM_2500V_225C_5per_Sol_B_02per_TFA_C2_041321.mzML
198,3,PDAC_198_3_Nano_ESI_dMRM_MFC_5LPM_2500V_225C_5per_Sol_B_02per_TFA_C2_041321.mzML
199,1,PDAC_199_1_Nano_ESI_dMRM_MFC_5LPM_2500V_225C_5per_Sol_B_02per_TFA_C2_052321.mzML
199,2,PDAC_199_2_Nano_ESI_dMRM_MFC_5LPM_2500V_225C_5per_Sol_B_02per_TFA_C2_052321.mzML
199,3,PDAC_199_3_Nano_ESI_dMRM_MFC_5LPM_2500V_225C_5per_Sol_B_02per_TFA_C2_052321.mzML
205,1,PDAC_205_1_Nano_ESI_dMRM_MFC_5LPM_2500V_225C_5per_Sol_B_02per_TFA_C1_042221.mzML
205,2,PDAC_205_2_Nano_ESI_dMRM_MFC_5LPM_2500V_225C_5per_Sol_B_02per_TFA_C1_042221.mzML
205,3,PDAC_205_3_Nano_ESI_dMRM_MFC_5LPM_2500V_225C_5per_Sol_B_02per_TFA_C1_042221.mzML
211,1,PDAC_211_1_Nano_ESI_dMRM_MFC_5LPM_2500V_225C_5per_Sol_B_02per_TFA_C1_042121.mzML
211,2,PDAC_211_2_Nano_ESI_dMRM_MFC_5LPM_2500V_225C_5per_Sol_B_02per_TFA_C1_042121.mzML
211,3,PDAC_211_3_Nano_ESI_dMRM_MFC_5LPM_2500V_225C_5per_Sol_B_02per_TFA_C1_042121.mzML
213,1,PDAC_213_1_Nano_ESI_dMRM_MFC_5LPM_2500V_225C_5per_Sol_B_02per_TFA_C1_041221.mzML
213,2,PDAC_213_2_Nano_ESI_dMRM_MFC_5LPM_2500V_225C_5per_Sol_B_02per_TFA_C1_041221.mzML
213,3,PDAC_213_3_Nano_ESI_dMRM_MFC_5LPM_2500V_225C_5per_Sol_B_02per_TFA_C1_041221.mzML
221,1,PDAC_221_1_Nano_ESI_dMRM_MFC_5LPM_2500V_225C_5per_Sol_B_02per_TFA_C1_040821.mzML
221,2,PDAC_221_2_Nano_ESI_dMRM_MFC_5LPM_2500V_225C_5per_Sol_B_02per_TFA_C1_040821.mzML
221,3,PDAC_221_3_Nano_ESI_dMRM_MFC_5LPM_2500V_225C_5per_Sol_B_02per_TFA_C1_040821.mzML
223,1,PDAC_223_1_Nano_ESI_dMRM_MFC_5LPM_2500V_225C_5per_Sol_B_02per_TFA_C1_050121.mzML
223,2,PDAC_223_2_Nano_ESI_dMRM_MFC_5LPM_2500V_225C_5per_Sol_B_02per_TFA_C1_050121.mzML
223,3,PDAC_223_3_Nano_ESI_dMRM_MFC_5LPM_2500V_225C_5per_Sol_B_02per_TFA_C1_050121.mzML
226,1,PDAC_226_1_Nano_ESI_dMRM_MFC_5LPM_2500V_225C_5per_Sol_B_02per_TFA_C2_041721.mzML
226,2,PDAC_226_2_Nano_ESI_dMRM_MFC_5LPM_2500V_225C_5per_Sol_B_02per_TFA_C2_041721.mzML
226,3,PDAC_226_3_Nano_ESI_dMRM_MFC_5LPM_2500V_225C_5per_Sol_B_02per_TFA_C2_041721.mzML
228,1,PDAC_228_1_Nano_ESI_dMRM_MFC_5LPM_2500V_225C_5per_Sol_B_02per_TFA_C2_051821.mzML
228,2,PDAC_228_2_Nano_ESI_dMRM_MFC_5LPM_2500V_225C_5per_Sol_B_02per_TFA_C2_051821.mzML
228,3,PDAC_228_3_Nano_ESI_dMRM_MFC_5LPM_2500V_225C_5per_Sol_B_02per_TFA_C2_051821.mzML
229,1,PDAC_229_1_Nano_ESI_dMRM_MFC_5LPM_2500V_225C_5per_Sol_B_02per_TFA_C1_032821.mzML
229,2,PDAC_229_2_Nano_ESI_dMRM_MFC_5LPM_2500V_225C_5per_Sol_B_02per_TFA_C1_032821.mzML
229,3,PDAC_229_3_Nano_ESI_dMRM_MFC_5LPM_2500V_225C_5per_Sol_B_02per_TFA_C1_032821.mzML
232,1,PDAC_232_1_Nano_ESI_dMRM_MFC_5LPM_2500V_225C_5per_Sol_B_02per_TFA_C2_052121.mzML
232,2,PDAC_232_2_Nano_ESI_dMRM_MFC_5LPM_2500V_225C_5per_Sol_B_02per_TFA_C2_052121.mzML
232,3,PDAC_232_3_Nano_ESI_dMRM_MFC_5LPM_2500V_225C_5per_Sol_B_02per_TFA_C2_052121.mzML
233,1,PDAC_233_1_Nano_ESI_dMRM_MFC_5LPM_2500V_225C_5per_Sol_B_02per_TFA_C2_040721.mzML
233,2,PDAC_233_2_Nano_ESI_dMRM_MFC_5LPM_2500V_225C_5per_Sol_B_02per_TFA_C2_040721.mzML
233,3,PDAC_233_3_Nano_ESI_dMRM_MFC_5LPM_2500V_225C_5per_Sol_B_02per_TFA_C2_040721.mzML
234,1,PDAC_234_1_Nano_ESI_dMRM_MFC_5LPM_2500V_225C_5per_Sol_B_02per_TFA_C1_040721.mzML
234,2,PDAC_234_2_Nano_ESI_dMRM_MFC_5LPM_2500V_225C_5per_Sol_B_02per_TFA_C1_040721.mzML
234,3,PDAC_234_3_Nano_ESI_dMRM_MFC_5LPM_2500V_225C_5per_Sol_B_02per_TFA_C1_040721.mzML
236,1,PDAC_236_1_Nano_ESI_dMRM_MFC_5LPM_2500V_225C_5per_Sol_B_02per_TFA_C2_052021.mzML
236,2,PDAC_236_2_Nano_ESI_dMRM_MFC_5LPM_2500V_225C_5per_Sol_B_02per_TFA_C2_052021.mzML
236,3,PDAC_236_3_Nano_ESI_dMRM_MFC_5LPM_2500V_225C_5per_Sol_B_02per_TFA_C2_052021.mzML
239,1,PDAC_239_1_Nano_ESI_dMRM_MFC_5LPM_2500V_225C_5per_Sol_B_02per_TFA_C2_040821.mzML
239,2,PDAC_239_2_Nano_ESI_dMRM_MFC_5LPM_2500V_225C_5per_Sol_B_02per_TFA_C2_040821.mzML
239,3,PDAC_239_3_Nano_ESI_dMRM_MFC_5LPM_2500V_225C_5per_Sol_B_02per_TFA_C2_040821.mzML
240,1,PDAC_240_1_Nano_ESI_dMRM_MFC_5LPM_2500V_225C_5per_Sol_B_02per_TFA_C2_040621.mzML
240,2,PDAC_240_2_Nano_ESI_dMRM_MFC_5LPM_2500V_225C_5per_Sol_B_02per_TFA_C2_040621.mzML
240,3,PDAC_240_3_Nano_ESI_dMRM_MFC_5LPM_2500V_225C_5per_Sol_B_02per_TFA_C2_040621.mzML
241,1,PDAC_241_1_Nano_ESI_dMRM_MFC_5LPM_2500V_225C_5per_Sol_B_02per_TFA_C2_050821.mzML
241,2,PDAC_241_2_Nano_ESI_dMRM_MFC_5LPM_2500V_225C_5per_Sol_B_02per_TFA_C2_050821.mzML
241,3,PDAC_241_4_Nano_ESI_dMRM_MFC_5LPM_2500V_225C_5per_Sol_B_02per_TFA_C2_051021.mzML
245,1,PDAC_245_1_Nano_ESI_dMRM_MFC_5LPM_2500V_225C_5per_Sol_B_02per_TFA_C2_041521.mzML
245,2,PDAC_245_2_Nano_ESI_dMRM_MFC_5LPM_2500V_225C_5per_Sol_B_02per_TFA_C2_041521.mzML
245,3,PDAC_245_3_Nano_ESI_dMRM_MFC_5LPM_2500V_225C_5per_Sol_B_02per_TFA_C2_041521.mzML
249,1,PDAC_249_1_Nano_ESI_dMRM_MFC_5LPM_2500V_225C_5per_Sol_B_02per_TFA_C2_051821.mzML
249,2,PDAC_249_2_Nano_ESI_dMRM_MFC_5LPM_2500V_225C_5per_Sol_B_02per_TFA_C2_051821.mzML
249,3,PDAC_249_3_Nano_ESI_dMRM_MFC_5LPM_2500V_225C_5per_Sol_B_02per_TFA_C2_051821.mzML
250,1,PDAC_250_1_Nano_ESI_dMRM_MFC_5LPM_2500V_225C_5per_Sol_B_02per_TFA_C2_033121.mzML
250,2,PDAC_250_2_Nano_ESI_dMRM_MFC_5LPM_2500V_225C_5per_Sol_B_02per_TFA_C2_033121.mzML
250,3,PDAC_250_3_Nano_ESI_dMRM_MFC_5LPM_2500V_225C_5per_Sol_B_02per_TFA_C2_033121.mzML
251,1,PDAC_251_1_Nano_ESI_dMRM_MFC_5LPM_2500V_225C_5per_Sol_B_02per_TFA_C2_032921.mzML
251,2,PDAC_251_2_Nano_ESI_dMRM_MFC_5LPM_2500V_225C_5per_Sol_B_02per_TFA_C2_032921.mzML
251,3,PDAC_251_3_Nano_ESI_dMRM_MFC_5LPM_2500V_225C_5per_Sol_B_02per_TFA_C2_032921.mzML
252,1,PDAC_252_1_Nano_ESI_dMRM_MFC_5LPM_2500V_225C_5per_Sol_B_02per_TFA_C1_040621.mzML
252,2,PDAC_252_2_Nano_ESI_dMRM_MFC_5LPM_2500V_225C_5per_Sol_B_02per_TFA_C1_040621.mzML
252,3,PDAC_252_3_Nano_ESI_dMRM_MFC_5LPM_2500V_225C_5per_Sol_B_02per_TFA_C1_040621.mzML
253,1,PDAC_253_1_Nano_ESI_dMRM_MFC_5LPM_2500V_225C_5per_Sol_B_02per_TFA_C2_041221.mzML
253,2,PDAC_253_2_Nano_ESI_dMRM_MFC_5LPM_2500V_225C_5per_Sol_B_02per_TFA_C2_041221.mzML
253,3,PDAC_253_3_Nano_ESI_dMRM_MFC_5LPM_2500V_225C_5per_Sol_B_02per_TFA_C2_041221.mzML
254,1,PDAC_254_1_Nano_ESI_dMRM_MFC_5LPM_2500V_225C_5per_Sol_B_02per_TFA_C1_031921.mzML
254,2,PDAC_254_2_Nano_ESI_dMRM_MFC_5LPM_2500V_225C_5per_Sol_B_02per_TFA_C2_052721.mzML
254,3,PDAC_254_3_Nano_ESI_dMRM_MFC_5LPM_2500V_225C_5per_Sol_B_02per_TFA_C1_032021.mzML
255,1,PDAC_255_1_Nano_ESI_dMRM_MFC_5LPM_2500V_225C_5per_Sol_B_02per_TFA_C2_052221.mzML
255,2,PDAC_255_2_Nano_ESI_dMRM_MFC_5LPM_2500V_225C_5per_Sol_B_02per_TFA_C2_052221.mzML
255,3,PDAC_255_3_Nano_ESI_dMRM_MFC_5LPM_2500V_225C_5per_Sol_B_02per_TFA_C2_052221.mzML
256,1,PDAC_256_1_Nano_ESI_dMRM_MFC_5LPM_2500V_225C_5per_Sol_B_02per_TFA_C1_040721.mzML
256,2,PDAC_256_2_Nano_ESI_dMRM_MFC_5LPM_2500V_225C_5per_Sol_B_02per_TFA_C1_040721.mzML
256,3,PDAC_256_3_Nano_ESI_dMRM_MFC_5LPM_2500V_225C_5per_Sol_B_02per_TFA_C1_040721.mzML
257,1,PDAC_257_1_Nano_ESI_dMRM_MFC_5LPM_2500V_225C_5per_Sol_B_02per_TFA_C1_043021.mzML
257,2,PDAC_257_2_Nano_ESI_dMRM_MFC_5LPM_2500V_225C_5per_Sol_B_02per_TFA_C1_043021.mzML
257,3,PDAC_257_3_Nano_ESI_dMRM_MFC_5LPM_2500V_225C_5per_Sol_B_02per_TFA_C1_043021.mzML
258,1,PDAC_258_1_Nano_ESI_dMRM_MFC_5LPM_2500V_225C_5per_Sol_B_02per_TFA_C2_052121.mzML
258,2,PDAC_258_2_Nano_ESI_dMRM_MFC_5LPM_2500V_225C_5per_Sol_B_02per_TFA_C2_052121.mzML
258,3,PDAC_258_3_Nano_ESI_dMRM_MFC_5LPM_2500V_225C_5per_Sol_B_02per_TFA_C2_052121.mzML
260,1,PDAC_260_1_Nano_ESI_dMRM_MFC_5LPM_2500V_225C_5per_Sol_B_02per_TFA_C2_040621.mzML
260,2,PDAC_260_2_Nano_ESI_dMRM_MFC_5LPM_2500V_225C_5per_Sol_B_02per_TFA_C2_040621.mzML
260,3,PDAC_260_3_Nano_ESI_dMRM_MFC_5LPM_2500V_225C_5per_Sol_B_02per_TFA_C2_040621.mzML
262,1,PDAC_262_1_Nano_ESI_dMRM_MFC_5LPM_2500V_225C_5per_Sol_B_02per_TFA_C1_040621.mzML
262,2,PDAC_262_2_Nano_ESI_dMRM_MFC_5LPM_2500V_225C_5per_Sol_B_02per_TFA_C1_040621.mzML
262,3,PDAC_262_3_Nano_ESI_dMRM_MFC_5LPM_2500V_225C_5per_Sol_B_02per_TFA_C1_040621.mzML
263,1,PDAC_263_1_Nano_ESI_dMRM_MFC_5LPM_2500V_225C_5per_Sol_B_02per_TFA_C1_032521.mzML
263,2,PDAC_263_2_Nano_ESI_dMRM_MFC_5LPM_2500V_225C_5per_Sol_B_02per_TFA_C2_032521.mzML
263,3,PDAC_263_3_Nano_ESI_dMRM_MFC_5LPM_2500V_225C_5per_Sol_B_02per_TFA_C1_032521.mzML
264,1,PDAC_264_1_Nano_ESI_dMRM_MFC_5LPM_2500V_225C_5per_Sol_B_02per_TFA_C1_041221.mzML
264,2,PDAC_264_2_Nano_ESI_dMRM_MFC_5LPM_2500V_225C_5per_Sol_B_02per_TFA_C1_041221.mzML
264,3,PDAC_264_3_Nano_ESI_dMRM_MFC_5LPM_2500V_225C_5per_Sol_B_02per_TFA_C1_041221.mzML
266,1,PDAC_266_1_Nano_ESI_dMRM_MFC_5LPM_2500V_225C_5per_Sol_B_02per_TFA_C2_041221.mzML
266,2,PDAC_266_2_Nano_ESI_dMRM_MFC_5LPM_2500V_225C_5per_Sol_B_02per_TFA_C2_041221.mzML
266,3,PDAC_266_3_Nano_ESI_dMRM_MFC_5LPM_2500V_225C_5per_Sol_B_02per_TFA_C2_041221.mzML
267,1,PDAC_267_1_Nano_ESI_dMRM_MFC_5LPM_2500V_225C_5per_Sol_B_02per_TFA_C1_041221.mzML
267,2,PDAC_267_2_Nano_ESI_dMRM_MFC_5LPM_2500V_225C_5per_Sol_B_02per_TFA_C1_041221.mzML
267,3,PDAC_267_3_Nano_ESI_dMRM_MFC_5LPM_2500V_225C_5per_Sol_B_02per_TFA_C1_041221.mzML
268,1,PDAC_268_1_Nano_ESI_dMRM_MFC_5LPM_2500V_225C_5per_Sol_B_02per_TFA_C1_040921.mzML
268,2,PDAC_268_2_Nano_ESI_dMRM_MFC_5LPM_2500V_225C_5per_Sol_B_02per_TFA_C1_040921.mzML
268,3,PDAC_268_3_Nano_ESI_dMRM_MFC_5LPM_2500V_225C_5per_Sol_B_02per_TFA_C1_040921.mzML
269,1,PDAC_269_1_Nano_ESI_dMRM_MFC_5LPM_2500V_225C_5per_Sol_B_02per_TFA_C2_040821.mzML
269,2,PDAC_269_2_Nano_ESI_dMRM_MFC_5LPM_2500V_225C_5per_Sol_B_02per_TFA_C2_040821.mzML
269,3,PDAC_269_3_Nano_ESI_dMRM_MFC_5LPM_2500V_225C_5per_Sol_B_02per_TFA_C2_040821.mzML
270,1,PDAC_270_1_Nano_ESI_dMRM_MFC_5LPM_2500V_225C_5per_Sol_B_02per_TFA_C2_040521.mzML
270,2,PDAC_270_2_Nano_ESI_dMRM_MFC_5LPM_2500V_225C_5per_Sol_B_02per_TFA_C2_040521.mzML
270,3,PDAC_270_3_Nano_ESI_dMRM_MFC_5LPM_2500V_225C_5per_Sol_B_02per_TFA_C2_040521.mzML
271,1,PDAC_271_1_Nano_ESI_dMRM_MFC_5LPM_2500V_225C_5per_Sol_B_02per_TFA_C1_040521.mzML
271,2,PDAC_271_2_Nano_ESI_dMRM_MFC_5LPM_2500V_225C_5per_Sol_B_02per_TFA_C1_040521.mzML
271,3,PDAC_271_3_Nano_ESI_dMRM_MFC_5LPM_2500V_225C_5per_Sol_B_02per_TFA_C1_040521.mzML
273,1,PDAC_273_1_Nano_ESI_dMRM_MFC_5LPM_2500V_225C_5per_Sol_B_02per_TFA_C1_032321.mzML
273,2,PDAC_273_2_Nano_ESI_dMRM_MFC_5LPM_2500V_225C_5per_Sol_B_02per_TFA_C2_032321.mzML
273,3,PDAC_273_3_Nano_ESI_dMRM_MFC_5LPM_2500V_225C_5per_Sol_B_02per_TFA_C1_032321.mzML
274,1,PDAC_274_1_Nano_ESI_dMRM_MFC_5LPM_2500V_225C_5per_Sol_B_02per_TFA_C2_032921.mzML
274,2,PDAC_274_2_Nano_ESI_dMRM_MFC_5LPM_2500V_225C_5per_Sol_B_02per_TFA_C2_032921.mzML
274,3,PDAC_274_3_Nano_ESI_dMRM_MFC_5LPM_2500V_225C_5per_Sol_B_02per_TFA_C2_032921.mzML
276,1,PDAC_276_1_Nano_ESI_dMRM_MFC_5LPM_2500V_225C_5per_Sol_B_02per_TFA_C2_032821.mzML
276,2,PDAC_276_2_Nano_ESI_dMRM_MFC_5LPM_2500V_225C_5per_Sol_B_02per_TFA_C2_032821.mzML
276,3,PDAC_276_3_Nano_ESI_dMRM_MFC_5LPM_2500V_225C_5per_Sol_B_02per_TFA_C2_032821.mzML
277,1,PDAC_277_1_Nano_ESI_dMRM_MFC_5LPM_2500V_225C_5per_Sol_B_02per_TFA_C2_041521.mzML
277,2,PDAC_277_2_Nano_ESI_dMRM_MFC_5LPM_2500V_225C_5per_Sol_B_02per_TFA_C2_041521.mzML
277,3,PDAC_277_3_Nano_ESI_dMRM_MFC_5LPM_2500V_225C_5per_Sol_B_02per_TFA_C2_041521.mzML
278,1,PDAC_278_1_Nano_ESI_dMRM_MFC_5LPM_2500V_225C_5per_Sol_B_02per_TFA_C1_041921.mzML
278,2,PDAC_278_2_Nano_ESI_dMRM_MFC_5LPM_2500V_225C_5per_Sol_B_02per_TFA_C1_041921.mzML
278,3,PDAC_278_3_Nano_ESI_dMRM_MFC_5LPM_2500V_225C_5per_Sol_B_02per_TFA_C1_041921.mzML
279,1,PDAC_279_1_Nano_ESI_dMRM_MFC_5LPM_2500V_225C_5per_Sol_B_02per_TFA_C2_052221.mzML
279,2,PDAC_279_2_Nano_ESI_dMRM_MFC_5LPM_2500V_225C_5per_Sol_B_02per_TFA_C2_052221.mzML
279,3,PDAC_279_3_Nano_ESI_dMRM_MFC_5LPM_2500V_225C_5per_Sol_B_02per_TFA_C2_052221.mzML
280,1,PDAC_280_1_Nano_ESI_dMRM_MFC_5LPM_2500V_225C_5per_Sol_B_02per_TFA_C1_041421.mzML
280,2,PDAC_280_2_Nano_ESI_dMRM_MFC_5LPM_2500V_225C_5per_Sol_B_02per_TFA_C1_041421.mzML
280,3,PDAC_280_3_Nano_ESI_dMRM_MFC_5LPM_2500V_225C_5per_Sol_B_02per_TFA_C1_041421.mzML
281,1,PDAC_281_1_Nano_ESI_dMRM_MFC_5LPM_2500V_225C_5per_Sol_B_02per_TFA_C1_041321.mzML
281,2,PDAC_281_2_Nano_ESI_dMRM_MFC_5LPM_2500V_225C_5per_Sol_B_02per_TFA_C1_041321.mzML
281,3,PDAC_281_3_Nano_ESI_dMRM_MFC_5LPM_2500V_225C_5per_Sol_B_02per_TFA_C1_041321.mzML
283,1,PDAC_283_2_Nano_ESI_dMRM_MFC_5LPM_2500V_225C_5per_Sol_B_02per_TFA_C1_051221.mzML
283,2,PDAC_283_3_Nano_ESI_dMRM_MFC_5LPM_2500V_225C_5per_Sol_B_02per_TFA_C1_051221.mzML
283,3,PDAC_283_4_Nano_ESI_dMRM_MFC_5LPM_2500V_225C_5per_Sol_B_02per_TFA_C1_051321.mzML
